use oficina_mecanica;

-- Cliente PF: (Nome,CPF,Data_nascimento,Endereco,Cidade,Estado,Telefone_1,Telefone_2,Email_1,Email_2)
insert into cliente_pf (Nome,CPF,Data_nascimento,Endereco,Cidade,Estado,Telefone_1,Telefone_2,Email_1,Email_2)
		values ('Ubiratan Jesus da Motta Filho','12345678912','1995-08-21','Vereador Yrlan Cavet','Curitiba ','PR','41997569604',null,'mottaubiratan@gmail.com',null),
				('Vera Cristina Cordeiro da Motta','98765432198','1995-05-20','Sete de Setembro','Curitiba ','PR','41999999999',null,'veracristina@gmail.com',null),
				('Henry Ubiratan Cordeiro da Motta','12378945665','2005-11-26','Prudente de Moraes','Curitiba ','PR','41998745632',null,'henrymotta@gmail.com',null),
				('Milton Nascimento','32165498745','1942-10-26','Floriano Peixoto','Curitiba ','PR','41996857412',null,'miltonnascimento@gmail.com',null),
				('Tom Jobim','15948723619','1927-01-25','Comendador Macedo','Curitiba ','PR','41996857489','51998745885','tomjobim@gmail.com',null),
				('Edson Arantes do Nascimento','23651948718','1940-10-23','Dom Pedro II','Curitiba ','PR','41991236548','11259885457','pele@gmail.com',null),
				('Emilio Santiago','32564197849','1946-12-06','Cândido de Abreu','Curitiba ','PR','41985475362','41966325487','santiagoemilio@gmail.com',null),
				('Joaquim Maria Machado de Assis','11133355598','1839-06-21','Voluntários da Pátria','Curitiba ','PR','41996254159',null,'machadoassis@gmail.com',null),
				('Hilária Batista de Almeida','12398765445','1854-01-13','José Bonifácio','Curitiba ','PR','41985436587','21885458748','hilariaalmeida@gmail.com',null),
				('Carolina Maria de Jesus','33211566487','1914-03-14','machado de assis','São Paulo','SP','41985748623','41995636541','carolinajesus@gmail.com',null),
				('Sebastião Bernardes de Souza Prata','44266598791','1915-10-18','São João Batista','Rio de Janeiro','RJ','41987987456',null,'grandeotelo@gmail.com',null),
				('Elza Soares','12365897469','1930-06-23','Presidente Farias','Rio de Janeiro','RJ','41998554113',null,'elzasoares@gmail.com',null),
				('Gilberto Gil','15648975631','1942-06-26','Linha verde','São Paulo','SP','41912365498',null,'gilbertogil@gmail.com',null),
				('Conceição Evaristo','32564198765','1946-11-29','Vereador João','São Paulo','SP','41900522145',null,'evaristoconceicao@gmail.com',null),
				('Milton Santos','35798641852','1926-05-03','Desembargador Motta','São Paulo','SP','41990236549','41995559698','miltonsantos@gmail.com',null),
				('Alfredo da Rocha Vianna Filho','96385274114','1897-04-23','Tulio Genoval','Florianópolis','SC','41920007849','41336526487','rochavianna@gmail.com',null),
				('Bezerra da Silva','12396314785','1927-02-23','João Escussiato','Rio de Janeiro','RJ','41991025468',null,'bezerrasilva@gmail.com',null),
				('André Rebouças','65471283945','1838-01-13','Guilherme Weigart','Rio de Janeiro','RJ','41963254987',null,'andrereboucas@gmail.com',null),
				('João da Cruz e Sousa','45682719346','1861-11-24','Dona Maria','Florianópolis','SC','41925415698','415748996','joaosouza@gmail.com',null),
				('Benedita da Silva','32654897139','1942-04-26','Maria Bonita','Florianópolis','SC','41987458963','11998569951','beneditasilva@gmail.com',null),
				('Leandro Roque de Oliveira','15645897698','1985-08-17','Bandeirantes','São Paulo','SP','41990231235','21995987458','emicida@gmail.com',null),
				('Gustavo Pereira Marques','13345678941','1994-06-04','Maestro Carlos Frank','São Paulo','SP','41995265148',null,'djonga@gmail.com',null),
				('Aparecida Suely Barboza','13564987594','1971-12-28','Irmãos Rebouças','São Paulo','SP','41996325874',null,'negrasue@gmail.com',null),
				('Ubiratan Jesus da Motta ','32566598748','1970-04-10','Uganda','Curitiba ','PR','41998745685',null,'ubiratanmotta11@gmail.com',null),
				('Edilson Ramos dos Santos','52487965497','1972-11-12','Angola','Curitiba ','PR','41996254478','41999658955','ersantoss@gmail.com',null);

-- Cliente PJ: (Razao_social,Nome_fantasia,CNPJ,Responsavel,Telefone_1 ,Telefone_2 ,Email_1,Email_2,Endereco_empresarial,Cidade,Estado)
insert into cliente_pj (Razao_social,Nome_fantasia,CNPJ,Responsavel,Telefone_1 ,Telefone_2 ,Email_1,Email_2,Endereco_empresarial,Cidade,Estado)
		values ('Brasspress Transportes Urgentes Ltda','Brasspress Transportes Urgentes','48740351000165','Daniel Costa','11998569847','11902541159','frete@brasspress.com','costadaniel@brasspress.com','Rua Antônio José Gorges','Curitiba','PR'),
				('Expresso São Miguel Ltda','Expresso São Miguel ','00428307000430','Miguel da Silva','21995245698','21998456789','frete@saomiguel.com','silvamiguel@saomiguel.com','Servidão Ivo Atanásio Veiga','Curitiba','PR'),
				('Fedex Brasil Logistica e Transporte LTDA','Fedex ','10970887000285','Frederico Lima','41995002315','41995462365','frete@fedex.com','frederico@fedex.com','Rua do Expedicionário','Curitiba','PR'),
				('EMPRESA BRASILEIRA DE CORREIOS E TELEGRAFOS','CORREIOS','34028316000103','João da Silva','51999666444','51987456852','frete@correios.com.br','silvajoao@correios.com.br','Rua Pinheirinho','Curitiba','PR'),
				('Miguel e Ana Transportes Ltda','Migua Transportes','23676988000109','Pedro Vobia','48929669850','48992410708','suporte@migueleanafinanceiraltda.com.br','suporte2@migueleanafinanceiraltda.com.br','Servidão Maria Alexandrino Arsênio','Joinville','SC'),
				('Lívia e Severino Entregas ME','LISE Entregas','03473370000134','Noan Nyoan','48998948570','48925442294','pesquisa@liviaeseverinoadegame.com.br','pesquisa2@liviaeseverinoadegame.com.br','Rua João Luiz Duarte','Joinville','SC');

-- Cliente: (idCClientePF,idCClientePJ)
insert into cliente (idCClientePF,idCClientePJ) values
		(1,null),
		(2,null),
		(3,null),
		(4,null),
		(5,null),
		(6,null),
		(7,null),
		(8,null),
		(9,null),
		(10,null),
		(11,null),
		(12,null),
		(13,null),
		(14,null),
		(15,null),
		(16,null),
		(17,null),
		(18,null),
		(19,null),
		(20,null),
		(21,null),
		(22,null),
		(23,null),
		(24,null),
		(25,null),
		(null,1),
		(null,2),
		(null,3),
		(null,4),
		(null,5),
		(null,6);

-- Veiculo: (idVCliente,Tipo_veiculo,Placa,Marca,Modelo,Ano_fabricacao)
insert into veiculo (idVCliente,Tipo_veiculo,Placa,Marca,Modelo,Ano_fabricacao) values
		('1','Moto','BAP9459','Yamaha','FACTOR 150 ED','2010'),
		('3','Moto','AOV4450','Yamaha','R3 MONSTER ABS','2018'),
		('4','Moto','AEZ4295','BMW','G 310 GS','2022'),
		('5','Moto','AYI9076','BMW','R 1250 GS','2019'),
		('6','Moto','AYI9075','Honda','CG 160','2007'),
		('7','Moto','AWW0879','Honda','Elite 125','2018'),
		('8','Moto','AKU0485','Honda','PCX','2022'),
		('9','Moto','AOQ5342','BMW','F 850 GS','2013'),
		('10','Moto','AYW5313','Yamaha','TRACER 900 GT ABS','2017'),
		('11','Moto','AIX3899','Yamaha','CROSSER S ABS','2019'),
		('12','Moto','APL5614','Honda','Forza 350','2022'),
		('1','Carro','BEQ6210','Toyota','Hilux','2000'),
		('2','Carro','ATC8042','Volvo','S60','2006'),
		('2','Carro','AXR5925','Renault','Sandero','2004'),
		('2','Carro','AFZ6951','Jeep','Compass','2015'),
		('13','Carro','AWI6077','Ford','Ka Sedan','2015'),
		('14','Carro','AVW4826','Honda','Accord','2014'),
		('15','Carro','AMA8183','Honda','City','2018'),
		('16','Carro','AHH2942','Renault','Captur','2022'),
		('17','Carro','AWA3516','Honda','CR-V','2022'),
		('18','Carro','AJL6405','Jeep','Renegade','2013'),
		('19','Carro','AHB1317','Honda','HR-V','2019'),
		('20','Carro','AHT1823','Toyota','Yaris','2018'),
		('21','Carro','AAL5226','Ford','EcoSport','2013'),
		('22','Carro','AND4231','Honda','HR-V','2017'),
		('23','Carro','BER6175','Honda','Civic','2010'),
		('24','Carro','ACZ9681','Ford','Fiesta','2011'),
		('25','Carro','AME0501','Honda','Civic','2012'),
		('4','Carro','BDI0411','Renault','Duster','2010'),
		('5','Carro','AES5679','Jeep','Commander','2018'),
		('6','Carro','ACV2826','Honda','HR-V','2016'),
		('1','Carro','ABW3704','Volvo','XC90','2021'),
		('18','Triciclo','ALG8240','Cam-Am','Spider','2016'),
		('19','Triciclo','BCQ4581','Triciclos Delta','Delta','2020'),
		('26','Van','AXH1341','Ford ','Transit','2018'),
		('26','Van','AHU6435','Ford ','Transit','2019'),
		('26','Van','ATU9737','Ford ','Transit','2020'),
		('27','Van','BBW4657','Renault ','Master','2021'),
		('27','Van','ALJ1062','Renault ','Master','2015'),
		('27','Van','APU0006','Renault ','Master','2010'),
		('27','Van','BEF5984','Renault ','Master','2018'),
		('27','Van','AUF0650','Renault ','Master','2013'),
		('28','Caminhão','AJZ4028','Scania','Linha P','1998'),
		('28','Caminhão','AZQ6884','Scania','Linha P','2000'),
		('28','Caminhão','BCN2906','Scania','Linha G','2006'),
		('28','Caminhão','ATW9211','Scania','Linha R','2015'),
		('28','Caminhão','ATN0194','Scania','Linha S','2014'),
		('29','Caminhão','AZT0142','Iveco ','Daily 30-130 City','2018'),
		('29','Caminhão','ALL1837','Iveco ','Daily 30-130 City','2018'),
		('29','Caminhão','ATV7586','Iveco ','Daily City Furgão 30-130','2016'),
		('29','Caminhão','BBV0977','Iveco ','Daily City Furgão 30-130','2017'),
		('29','Caminhão','ABD9592','Iveco ','Daily Chassi','2019'),
		('29','Caminhão','AFF4789','Iveco ','Daily Chassi','2015'),
		('30','Caminhão','ABO5982','Mercedes-Benz','L 312','2020'),
		('30','Caminhão','BEX0078','Mercedes-Benz','LP 321','2022'),
		('30','Caminhão','AFH7994','Mercedes-Benz','LS 1935','2021'),
		('30','Caminhão','BBM7351','Mercedes-Benz','Accelo ','2021'),
		('31','Caminhão','ADS4719','Volvo ','FH','2022'),
		('31','Caminhão','AFP7605','Volvo ','FMX','2023'),
		('31','Caminhão','AYR4089','Volvo ','FM','2024');


-- Equipes: (idEquipes,Especialidade,Responsavel)
insert into equipes (idEquipes,Especialidade,Responsavel) values
		('1','Motor','João Silva'),
		('2','Suspensão','Thiago Menezes'),
		('3','Eletrica','Alfredo Pereira'),
		('4','Carroceria','Domingos Sousa');

-- Funcionarios: (idFEquipes,idFEquipes,Codigo_funcionario,Nome,CPF,Data_nacimento ,Endereco,CEP,Cidade,Estado,CargoEspecialidade,Data_contratacao,Telefone)
insert into funcionarios (idFEquipes,Codigo_funcionario,Nome,CPF,Data_nacimento ,Endereco,CEP,Cidade,Estado,Cargo,Especialidade,Data_contratacao,Telefone)
		values ('1','100010','João Silva','11122233344','1975-10-25','Rua Jaracatiá','81550140','Curitiba','PR','Chefe Mecânica','Motor','2010-08-21','41999859741'),
				('1','100020','Pedro Souza','11125634587','1980-09-15','Rua São João Evangelista','80740230','Curitiba','PR','Mecânico','Motor','2012-12-01','41985487485'),
				('1','100030','Matheus Henrique','11155599988','1988-01-13','Rua Maximiliano Boscardin','81330500','Curitiba','PR','Mecânico','Motor','2012-12-01','41958745896'),
				('1','100040','José Flores','22255588874','1995-06-27','Rua Andrea Zílio','82010500','Curitiba','PR','Assistente mecânico','Motor','2020-04-05','41958745896'),
				('1','100050','Victor Nascimento','33366655587','1997-08-30','Rua Ângelo Cretã','81935112','Curitiba','PR','Assistente mecânico','Motor','2020-04-06','51975876598'),
				('2','200010','Thiago Menezes','15948755854','1984-02-28','Rua Isaulino Francisco Brito','81490031','Curitiba','PR','Chefe Mecânica','Suspensão','2007-08-21','12848547592'),
				('2','200020','Théo Soares','11555522248','1990-10-11','Praça Kelly Elizabette da Silva','82300062','Curitiba','PR','Mecânico','Suspensão','2015-12-01','22902485290'),
				('2','200030','Joaquim Rodrigues','77788844458','1992-10-30','Rua Darci Luísa Belarmino','81930655','Curitiba','PR','Mecânico','Suspensão','2015-12-01','32924588490'),
				('2','200040','Carlos Fernandes','99955588847','1997-12-25','Rua Miguel Ângelo Pelanda','81935570','Curitiba','PR','Assistente mecânico','Suspensão','2021-04-05','42978475892'),
				('2','200050','Miguel Gonçalves','44455566632','1994-05-18','Rua Valentin Deda','81312160','Curitiba','PR','Assistente mecânico','Suspensão','2021-04-06','52946325695'),
				('3','300010','Alfredo Pereira','44455522236','1979-11-30','Rua Bernardo Glodzinski','82600090','Curitiba','PR','Chefe Eletrica','Eletrica','2013-08-21','13792365291'),
				('3','300020','Bento Costa','44411155592','1982-07-15','Rua Arcendino Rosa Neves','81710280','Curitiba','PR','Eletricista','Eletrica','2017-12-01','23825921597'),
				('3','300030','Fernando Ferreira','55544466687','1999-05-13','Rua Guilherme Matter','82640110','Curitiba','PR','Eletricista','Eletrica','2017-12-01','33996874695'),
				('3','300040','Martim Gomes','55655955874','2001-09-07','Rua Joanna Costa','82015082','Curitiba','PR','Assistente eletrica','Eletrica','2021-04-05','43018749509'),
				('3','300050','Tomás Martins','66855499874','2001-06-04','Rua São João Maria Vianney','81450200','Curitiba','PR','Assistente eletrica','Eletrica','2021-04-06','53018744906'),
				('4','400010','Domingos Sousa','66222544875','1980-12-24','Rua Gregório Gomes de Oliveira','81580090','Curitiba','PR','Chefe Mecânica','Carroceria','2010-08-21','14808755492'),
				('4','400020','Francisco Oliveira','77444899695','1985-10-12','Rua José Boguszewski','82130360','Curitiba','PR','Mecânico','Carroceria','2012-12-01','24856958990'),
				('4','400030','António Lopes','88444569852','1990-03-24','Rua Pedro Gusso','81310300','Curitiba','PR','Mecânico','Carroceria','2012-12-01','34908525693'),
				('4','400040','Manuel Freitas','51151515151','1999-04-18','Rua Cândido Mader','80030300','Curitiba','PR','Assistente mecânico','Carroceria','2020-04-05','44991515194'),
				('4','400050','Lourenço Francisco','62656847848','1998-07-23','Rua Sérgio Roberto Rebello','82030634','Curitiba','PR','Assistente mecânico','Carroceria','2020-04-06','54988488497');


-- Tabela_precos: (Tipo_servico,Especialidade,Pecas_nescessarias,Quantidade_pecas,Preco_peca,Valor_mao_obra,Valor_total)
insert into tabela_precos (Tipo_servico,Especialidade,Pecas_nescessarias,Quantidade_pecas,Preco_peca,Valor_mao_obra,Valor_total) values
		('Conserto','Motor','Oleo','5','24.90','80.00','204.5'),
		('Conserto','Motor','Correia dentada','2','60.59','210.90','332.08'),
		('Conserto','Motor','Bico Injetor','4','47.90','180.49','372.09'),
		('Conserto','Motor','Bomba de Direção Hidraulica','1','220.60','369.80','590.40'),
		('Conserto','Suspensão','Mola','4','180.00','237.00','957.00'),
		('Conserto','Suspensão','Amortecedor','4','120.20','589.90','1070.70'),
		('Conserto','Suspensão','Braços','8','90.20','130.90','852.50'),
		('Conserto','Suspensão','Barra estabilizadora','4','90.20','130.90','491.70'),
		('Conserto','Carroceria','Coletor de escape','1','99.90','186.50','286.40'),
		('Conserto','Carroceria','Silenciador','1','66.65','98.30','164.95'),
		('Conserto','Carroceria','Catalisador','1','490.00','200.10','690.10'),
		('Conserto','Eletrica','Motor de arranque','1','617.40','137.90','755.30'),
		('Conserto','Eletrica','Alternador','1','300.00','213.50','513.50'),
		('Conserto','Eletrica','Distribuidor','1','319.90','156.45','476.35'),
		('Revisão','Motor',null,null,null,'100.00','100.00'),
		('Revisão','Suspensão',null,null,null,'100.00','100.00'),
		('Revisão','Eletrica',null,null,null,'100.00','100.00'),
		('Revisão','Carroceria',null,null,null,'100.00','100.00');
        
-- Estoque_pecas: (Nome_peca,Quantidade_disponivel,Valor_unitario,Responsavel,Funcionario_solicitante)
insert into estoque_pecas (Nome_peca,Quantidade_disponivel,Valor_unitario,Responsavel,Funcionario_solicitante) values
		('Oleo','20','24.90','João Silva','Pedro Souza'),
		('Correia dentada','13','60.59','João Silva','Matheus Henrique'),
		('Bico Injetor','15','47.90','João Silva','Pedro Souza'),
		('Bomba de Direção Hidraulica','2','220.60','João Silva','Matheus Henrique'),
		('Mola','40','180.00','Thiago Menezes','Théo Soares'),
		('Amortecedor','40','120.20','Thiago Menezes','Joaquim Rodrigues'),
		('Braços','16','90.20','Thiago Menezes','Théo Soares'),
		('Barra estabilizadora','16','90.20','Thiago Menezes','Joaquim Rodrigues'),
		('Coletor de escape','4','99.90','Alfredo Pereira','Bento Costa'),
		('Silenciador','4','66.65','Alfredo Pereira','Fernando Ferreira'),
		('Catalisador','6','490.00','Alfredo Pereira','Bento Costa'),
		('Motor de arranque','3','617.40','Domingos Sousa','Francisco Oliveira'),
		('Alternador','9','300.00','Domingos Sousa','António Lopes'),
		('Distribuidor','5','319.90','Domingos Sousa','Francisco Oliveira');

-- Orcamento: (idOCliente,Numero_orcamento,Aprovado_cliente,Data_orcamento,Valor_orcamento,Validade_orcamento)
insert into orcamento (idOCliente,Numero_orcamento,Aprovado_cliente,Data_orcamento,Valor_orcamento,Validade_orcamento) values
		('1','20200010','Sim','2020-01-06','204.5','2020-01-16'),
		('3','20200020','Não','2020-01-18','332.08','2020-01-28'),
		('4','20200021','SIm','2020-02-10','372.09','2020-02-20'),
		('5','20200030','SIm','2020-02-15','590.40','2020-02-25'),
		('6','20200040','SIm','2020-03-05','957.00','2020-03-15'),
		('7','20200050','SIm','2020-03-18','1070.70','2020-03-28'),
		('8','20200060','SIm','2020-04-24','852.50','2020-05-04'),
		('9','20200070','SIm','2020-04-30','491.70','2020-05-10'),
		('10','20200080','SIm','2020-05-11','286.40','2020-05-21'),
		('11','20200090','SIm','2020-06-16','164.95','2020-06-26'),
		('12','20200100','SIm','2020-06-27','690.10','2020-07-07'),
		('1','20200110','SIm','2020-07-18','755.30','2020-07-28'),
		('2','20200120','SIm','2020-08-21','513.50','2020-08-30'),
		('2','20200130','SIm','2020-08-26','476.35','2020-09-06'),
		('2','20200140','SIm','2020-09-08','100.00','2020-09-18'),
		('13','20200150','SIm','2020-09-12','100.00','2020-09-22'),
		('14','20200160','SIm','2020-10-06','100.00','2020-10-16'),
		('15','20200170','SIm','2020-10-19','100.00','2020-10-26'),
		('16','20200180','SIm','2020-11-26','204.5','2020-12-06'),
		('17','20200190','SIm','2020-11-30','332.08','2020-12-10'),
		('18','20200200','SIm','2020-12-14','372.09','2020-12-24'),
		('19','20210010','SIm','2021-01-06','590.40','2021-01-16'),
		('20','20210020','SIm','2021-01-18','957.00','2021-01-28'),
		('21','20210030','SIm','2021-02-10','1070.70','2021-02-20'),
		('22','20210040','Não','2021-02-15','852.50','2021-02-25'),
		('23','20210050','Não','2021-03-05','491.70','2021-03-15'),
		('24','20210060','Não','2021-03-18','286.40','2021-03-28'),
		('25','20210070','Não','2021-04-24','164.95','2021-05-04'),
		('4','20210080','Sim','2021-04-30','690.10','2021-05-10'),
		('5','20210090','Sim','2021-05-11','755.30','2021-05-21'),
		('6','20210100','Sim','2021-06-16','513.50','2021-06-26'),
		('1','20210110','Sim','2021-06-27','476.35','2021-07-07'),
		('18','20210120','Sim','2021-07-18','100.00','2021-07-28'),
		('19','20210130','Sim','2021-08-21','100.00','2021-08-30'),
		('26','20210140','Sim','2021-08-26','100.00','2021-09-06'),
		('26','20210150','Sim','2021-09-08','100.00','2021-09-18'),
		('26','20210160','Sim','2021-09-12','204.5','2021-09-22'),
		('27','20210170','Sim','2021-10-06','332.08','2021-10-16'),
		('27','20220010','Sim','2022-01-06','372.09','2022-01-16'),
		('27','20220020','Sim','2022-01-18','590.40','2022-01-28'),
		('27','20220030','Sim','2022-02-10','957.00','2022-02-20'),
		('27','20220040','Sim','2022-02-15','1070.70','2022-02-25'),
		('28','20220050','Não','2022-03-05','852.50','2022-03-15'),
		('28','20220060','Sim','2022-03-18','491.70','2022-03-28'),
		('28','20220070','Sim','2022-04-24','286.40','2022-05-04'),
		('28','20220080','Sim','2022-04-30','164.95','2022-05-10'),
		('28','20220090','Sim','2022-05-11','690.10','2022-05-21'),
		('29','20220100','Sim','2022-06-16','755.30','2022-06-26'),
		('29','20220110','Sim','2022-06-27','513.50','2022-07-07'),
		('29','20220120','Sim','2022-07-18','476.35','2022-07-28'),
		('29','20220130','Sim','2022-08-21','100.00','2022-08-30'),
		('29','20220140','Sim','2022-08-26','100.00','2022-09-06'),
		('29','20220150','Sim','2022-09-08','100.00','2022-09-18'),
		('30','20220160','Sim','2022-09-12','100.00','2022-09-22'),
		('30','20220170','Não','2022-10-06','204.5','2022-10-16'),
		('30','20220180','Sim','2022-10-19','332.08','2022-10-29'),
		('30','20220190','Sim','2022-11-26','372.09','2022-12-06'),
		('31','20220200','Sim','2022-11-30','590.40','2022-12-10'),
		('31','20220210','Não','2022-12-14','957.00','2022-12-24'),
		('31','20220220','Sim','2022-12-20','1070.70','2023-01-05');


-- Precos_orcamento: (idPO_Orcamento,idPO_Tabela_precos)
insert into precos_orcamento (idPO_Orcamento,idPO_Tabela_precos) values
		(1,1),
		(2,2),
		(3,3),
		(4,4),
		(5,5),
		(6,6),
		(7,7),
		(8,8),
		(9,9),
		(10,10),
		(11,11),
		(12,12),
		(13,13),
		(14,14),
		(15,15),
		(16,16),
		(17,17),
		(18,18),
		(19,1),
		(20,2),
		(21,3),
		(22,4),
		(23,5),
		(24,6),
		(25,7),
		(26,8),
		(27,9),
		(28,10),
		(29,11),
		(30,12),
		(31,13),
		(32,14),
		(33,15),
		(34,16),
		(35,17),
		(36,18),
		(37,1),
		(38,2),
		(39,3),
		(40,4),
		(41,5),
		(42,6),
		(43,7),
		(44,8),
		(45,9),
		(46,10),
		(47,11),
		(48,12),
		(49,13),
		(50,14),
		(51,15),
		(52,16),
		(53,17),
		(54,18),
		(55,1),
		(56,2),
		(57,3),
		(58,4),
		(59,5),
		(60,6);


-- Ordem_servico: (idOSVeiculo,idOSEquipes,idOSOrcamento,Numero,Data_emissao,pecas_necessarias,Valor,Status_ordem,Data_conclusao)
insert into ordem_servico (idOSVeiculo,idOSEquipes,idOSOrcamento,Numero,Data_emissao,pecas_necessarias,Valor,Status_ordem,Data_conclusao) values
		('1','1','1','10000010','2020-01-16','Oleo','204.5','Concluida','2020-01-16'),
		('2','1','2','10000011','2020-01-28','Correia dentada','332.08','Cancelada',null),
		('3','1','3','10000012','2020-02-20','Bico Injetor','372.09','Concluida','2020-02-20'),
		('4','1','4','10000013','2020-02-25','Bomba de Direção Hidraulica','590.40','Concluida','2020-02-25'),
		('5','2','5','10000014','2020-03-15','Mola','957.00','Concluida','2020-03-15'),
		('6','2','6','10000015','2020-03-28','Amortecedor','1070.70','Concluida','2020-03-28'),
		('7','2','7','10000016','2020-05-04','Braços','852.50','Concluida','2020-05-04'),
		('8','2','8','10000017','2020-05-10','Barra estabilizadora','491.70','Concluida','2020-05-10'),
		('9','3','9','10000018','2020-05-21','Coletor de escape','286.40','Concluida','2020-05-21'),
		('10','3','10','10000019','2020-06-26','Silenciador','164.95','Concluida','2020-06-26'),
		('11','3','11','10000020','2020-07-07','Catalisador','690.10','Concluida','2020-07-07'),
		('12','3','12','10000021','2020-07-28','Motor de arranque','755.30','Concluida','2020-07-28'),
		('13','4','13','10000022','2020-08-30','Alternador','513.50','Concluida','2020-08-30'),
		('14','4','14','10000023','2020-09-06','Distribuidor','476.35','Concluida','2020-09-06'),
		('15','4','15','10000024','2020-09-18',null,'100.00','Concluida','2020-09-18'),
		('16','4','16','10000025','2020-09-22',null,'100.00','Concluida','2020-09-22'),
		('17','1','17','10000026','2020-10-16',null,'100.00','Concluida','2020-10-16'),
		('18','1','18','10000027','2020-10-26',null,'100.00','Concluida','2020-10-26'),
		('19','1','19','10000028','2020-12-06','Oleo','204.5','Concluida','2020-12-06'),
		('20','1','20','10000029','2020-12-10','Correia dentada','332.08','Concluida','2020-12-10'),
		('21','2','21','10000030','2020-12-24','Bico Injetor','372.09','Concluida','2020-12-24'),
		('22','2','22','10000031','2021-01-16','Bomba de Direção Hidraulica','590.40','Concluida','2021-01-16'),
		('23','2','23','10000032','2021-01-28','Mola','957.00','Concluida','2021-01-28'),
		('24','2','24','10000033','2021-02-20','Amortecedor','1070.70','Concluida','2021-02-20'),
		('25','3','25','10000034','2021-02-25','Braços','852.50','Cancelada',null),
		('26','3','26','10000035','2021-03-15','Barra estabilizadora','491.70','Cancelada',null),
		('27','3','27','10000036','2021-03-28','Coletor de escape','286.40','Cancelada',null),
		('28','3','28','10000037','2021-05-04','Silenciador','164.95','Cancelada',null),
		('29','4','29','10000038','2021-05-10','Catalisador','690.10','Concluida','2021-05-10'),
		('30','4','30','10000039','2021-05-21','Motor de arranque','755.30','Concluida','2021-05-21'),
		('31','4','31','10000040','2021-06-26','Alternador','513.50','Concluida','2021-06-26'),
		('32','4','32','10000041','2021-07-07','Distribuidor','476.35','Concluida','2021-07-07'),
		('33','1','33','10000042','2021-07-28',null,'100.00','Concluida','2021-07-28'),
		('34','1','34','10000043','2021-08-30',null,'100.00','Concluida','2021-08-30'),
		('35','1','35','10000044','2021-09-06',null,'100.00','Concluida','2021-09-06'),
		('36','1','36','10000045','2021-09-18',null,'100.00','Concluida','2021-09-18'),
		('37','2','37','10000046','2021-09-22','Oleo','204.5','Concluida','2021-09-22'),
		('38','2','38','10000047','2021-10-16','Correia dentada','332.08','Concluida','2021-10-16'),
		('39','2','39','10000048','2022-01-16','Bico Injetor','372.09','Em execução','2022-01-16'),
		('40','2','40','10000049','2022-01-28','Bomba de Direção Hidraulica','590.40','Em execução','2022-01-28'),
		('41','3','41','10000050','2022-02-20','Mola','957.00','Em execução','2022-02-20'),
		('42','3','42','10000051','2022-02-25','Amortecedor','1070.70','Em execução','2022-02-25'),
		('43','3','43','10000052','2022-03-15','Braços','852.50','Cancelada',null),
		('44','3','44','10000053','2022-03-28','Barra estabilizadora','491.70','Em analise pela equipe','2022-03-28'),
		('45','4','45','10000054','2022-05-04','Coletor de escape','286.40','Em analise pela equipe','2022-05-04'),
		('46','4','46','10000055','2022-05-10','Silenciador','164.95','Em analise pela equipe','2022-05-10'),
		('47','4','47','10000056','2022-05-21','Catalisador','690.10','Em analise pela equipe','2022-05-21'),
		('48','4','48','10000057','2022-06-26','Motor de arranque','755.30','Em analise pela equipe','2022-06-26'),
		('49','1','49','10000058','2022-07-07','Alternador','513.50','Em analise pela equipe','2022-07-07'),
		('50','1','50','10000059','2022-07-28','Distribuidor','476.35','Em analise pela equipe','2022-07-28'),
		('51','1','51','10000060','2022-08-30',null,'100.00','Em analise pela equipe','2022-08-30'),
		('52','1','52','10000061','2022-09-06',null,'100.00','Em analise pela equipe','2022-09-06'),
		('53','2','53','10000062','2022-09-18',null,'100.00','Em execução','2022-09-18'),
		('54','2','54','10000063','2022-09-22',null,'100.00','Em execução','2022-09-22'),
		('55','2','55','10000064','2022-10-16','Oleo','204.5','Cancelada',null),
		('56','2','56','10000065','2022-10-29','Correia dentada','332.08','Em execução','2022-10-29'),
		('57','3','57','10000066','2022-12-06','Bico Injetor','372.09','Em execução','2022-12-06'),
		('58','3','58','10000067','2022-12-10','Bomba de Direção Hidraulica','590.40','Em execução','2022-12-10'),
		('59','3','59','10000068','2022-12-24','Mola','957.00','Cancelada',null),
		('60','3','60','10000069','2023-01-05','Amortecedor','1070.70','Em execução','2023-01-05');


-- Pecas_os: (idPecas_estoque_pecas,idPecas_ordem_servico,idPecas_OSOrcamento)
insert into pecas_os (idPecas_estoque_pecas,idPecas_ordem_servico,idPecas_OSOrcamento) values
		(1,1,1),
		(2,2,2),
		(3,3,3),
		(4,4,4),
		(5,5,5),
		(6,6,6),
		(7,7,7),
		(8,8,8),
		(9,9,9),
		(10,10,10),
		(11,11,11),
		(12,12,12),
		(13,13,13),
		(14,14,14),
		(1,15,15),
		(2,16,16),
		(3,17,17),
		(4,18,18),
		(5,19,19),
		(6,20,20),
		(7,21,21),
		(8,22,22),
		(9,23,23),
		(10,24,24),
		(11,25,25),
		(12,26,26),
		(13,27,27),
		(14,28,28),
		(1,29,29),
		(2,30,30),
		(3,31,31),
		(4,32,32),
		(5,33,33),
		(6,34,34),
		(7,35,35),
		(8,36,36),
		(9,37,37),
		(10,38,38),
		(11,39,39),
		(12,40,40),
		(13,41,41),
		(14,42,42),
		(1,43,43),
		(2,44,44),
		(3,45,45),
		(4,46,46),
		(5,47,47),
		(6,48,48),
		(7,49,49),
		(8,50,50),
		(9,51,51),
		(10,52,52),
		(11,53,53),
		(12,54,54),
		(13,55,55),
		(14,56,56),
		(1,57,57),
		(2,58,58),
		(3,59,59),
		(4,60,60);
